<metadata xml:lang="es"><Esri><CreaDate>20250103</CreaDate><CreaTime>00022800</CreaTime><ArcGISFormat>1.0</ArcGISFormat><SyncOnce>FALSE</SyncOnce><DataProperties><itemProps><itemName Sync="TRUE">comunas_y_corregimientos_</itemName><imsContentType Sync="TRUE">002</imsContentType><itemLocation><linkage Sync="TRUE">file://\\argos01\publicacion\ServiciosPlaneacion\temporal_planeacion\ws_opendata\OD243_64958\ShapeFile\comunas_y_corregimientos_.shp</linkage><protocol Sync="TRUE">Local Area Network</protocol></itemLocation><itemSize Sync="TRUE">0.000</itemSize></itemProps><coordRef><type Sync="TRUE">Projected</type><geogcsn Sync="TRUE">MAGNA-SIRGAS_2018</geogcsn><csUnits Sync="TRUE">Linear Unit: Meter (1.000000)</csUnits><projcsn Sync="TRUE">MAGNA-SIRGAS_2018_Origen-Nacional</projcsn><peXml Sync="TRUE">&lt;ProjectedCoordinateSystem xsi:type='typens:ProjectedCoordinateSystem' xmlns:xsi='http://www.w3.org/2001/XMLSchema-instance' xmlns:xs='http://www.w3.org/2001/XMLSchema' xmlns:typens='http://www.esri.com/schemas/ArcGIS/3.3.0'&gt;&lt;WKT&gt;PROJCS[&amp;quot;MAGNA-SIRGAS_2018_Origen-Nacional&amp;quot;,GEOGCS[&amp;quot;MAGNA-SIRGAS_2018&amp;quot;,DATUM[&amp;quot;Marco_Geocentrico_Nacional_de_Referencia_2018&amp;quot;,SPHEROID[&amp;quot;GRS_1980&amp;quot;,6378137.0,298.257222101]],PRIMEM[&amp;quot;Greenwich&amp;quot;,0.0],UNIT[&amp;quot;Degree&amp;quot;,0.0174532925199433]],PROJECTION[&amp;quot;Transverse_Mercator&amp;quot;],PARAMETER[&amp;quot;False_Easting&amp;quot;,5000000.0],PARAMETER[&amp;quot;False_Northing&amp;quot;,2000000.0],PARAMETER[&amp;quot;Central_Meridian&amp;quot;,-73.0],PARAMETER[&amp;quot;Scale_Factor&amp;quot;,0.9992],PARAMETER[&amp;quot;Latitude_Of_Origin&amp;quot;,4.0],UNIT[&amp;quot;Meter&amp;quot;,1.0],AUTHORITY[&amp;quot;EPSG&amp;quot;,9377]]&lt;/WKT&gt;&lt;XOrigin&gt;-618700&lt;/XOrigin&gt;&lt;YOrigin&gt;-8436100&lt;/YOrigin&gt;&lt;XYScale&gt;450623577.52990448&lt;/XYScale&gt;&lt;ZOrigin&gt;-100000&lt;/ZOrigin&gt;&lt;ZScale&gt;10000&lt;/ZScale&gt;&lt;MOrigin&gt;-100000&lt;/MOrigin&gt;&lt;MScale&gt;10000&lt;/MScale&gt;&lt;XYTolerance&gt;0.001&lt;/XYTolerance&gt;&lt;ZTolerance&gt;0.001&lt;/ZTolerance&gt;&lt;MTolerance&gt;0.001&lt;/MTolerance&gt;&lt;HighPrecision&gt;true&lt;/HighPrecision&gt;&lt;WKID&gt;9377&lt;/WKID&gt;&lt;LatestWKID&gt;9377&lt;/LatestWKID&gt;&lt;/ProjectedCoordinateSystem&gt;</peXml></coordRef><lineage><Process ToolSource="c:\program files\arcgis\pro\Resources\ArcToolbox\toolboxes\Data Management Tools.tbx\Merge" Date="20250103" Time="000229">Merge C:\Users\SERVIC~1.GIS\AppData\Local\Temp\mx6039915A3EB84E2C8BC36585A61C1110.gdb\ScratchRecordSet \\argos01\publicacion\ServiciosPlaneacion\temporal_planeacion\ws_opendata\OD243_64958\temp.gdb\comunas_y_corregimientos_ "codigo "CODIGO" true true false 20 Text 0 0,First,#,C:\Users\SERVIC~1.GIS\AppData\Local\Temp\mx6039915A3EB84E2C8BC36585A61C1110.gdb\ScratchRecordSet,codigo,0,19;nombre "NOMBRE" true true false 200 Text 0 0,First,#,C:\Users\SERVIC~1.GIS\AppData\Local\Temp\mx6039915A3EB84E2C8BC36585A61C1110.gdb\ScratchRecordSet,nombre,0,199;identificacion "IDENTIFICACION" true true false 100 Text 0 0,First,#,C:\Users\SERVIC~1.GIS\AppData\Local\Temp\mx6039915A3EB84E2C8BC36585A61C1110.gdb\ScratchRecordSet,identificacion,0,99;limitemunicipioid "LIMITEMUNICIPIOID" true true false 20 Text 0 0,First,#,C:\Users\SERVIC~1.GIS\AppData\Local\Temp\mx6039915A3EB84E2C8BC36585A61C1110.gdb\ScratchRecordSet,limitemunicipioid,0,19;subtipo_comunacorregimiento "SubTipo_ComunaCorregimiento" true true false 4 Long 0 0,First,#,C:\Users\SERVIC~1.GIS\AppData\Local\Temp\mx6039915A3EB84E2C8BC36585A61C1110.gdb\ScratchRecordSet,subtipo_comunacorregimiento,-1,-1;fecha_actualizacion "fecha_actualizacion" true true false 8 Date 0 0,First,#,C:\Users\SERVIC~1.GIS\AppData\Local\Temp\mx6039915A3EB84E2C8BC36585A61C1110.gdb\ScratchRecordSet,fecha_actualizacion,-1,-1;Shape_Length "Shape_Length" false true true 8 Double 0 0,First,#,C:\Users\SERVIC~1.GIS\AppData\Local\Temp\mx6039915A3EB84E2C8BC36585A61C1110.gdb\ScratchRecordSet,Shape_Length,-1,-1;Shape_Area "Shape_Area" false true true 8 Double 0 0,First,#,C:\Users\SERVIC~1.GIS\AppData\Local\Temp\mx6039915A3EB84E2C8BC36585A61C1110.gdb\ScratchRecordSet,Shape_Area,-1,-1" NO_SOURCE_INFO</Process><Process ToolSource="c:\program files\arcgis\pro\Resources\ArcToolbox\toolboxes\Data Management Tools.tbx\CopyFeatures" Date="20250103" Time="000239">CopyFeatures comunas_y_corregimientos_ \\argos01\publicacion\ServiciosPlaneacion\temporal_planeacion\ws_opendata\OD243_64958\ShapeFile\comunas_y_corregimientos_.shp # # # #</Process></lineage></DataProperties><SyncDate>20250103</SyncDate><SyncTime>00023900</SyncTime><ModDate>20250103</ModDate><ModTime>00023900</ModTime></Esri><dataIdInfo><envirDesc Sync="TRUE">Microsoft Windows Server 2016 Technical Preview Version 10.0 (Build 17763) ; Esri ArcGIS 13.3.2.52636</envirDesc><dataLang><languageCode value="spa" Sync="TRUE"></languageCode><countryCode value="COL" Sync="TRUE"></countryCode></dataLang><idCitation><resTitle Sync="TRUE">comunas_y_corregimientos_</resTitle><presForm><PresFormCd value="005" Sync="TRUE"></PresFormCd></presForm></idCitation><spatRpType><SpatRepTypCd value="001" Sync="TRUE"></SpatRepTypCd></spatRpType></dataIdInfo><mdLang><languageCode value="spa" Sync="TRUE"></languageCode><countryCode value="COL" Sync="TRUE"></countryCode></mdLang><distInfo><distFormat><formatName Sync="TRUE">Shapefile</formatName></distFormat><distTranOps><transSize Sync="TRUE">0.000</transSize></distTranOps></distInfo><mdHrLv><ScopeCd value="005" Sync="TRUE"></ScopeCd></mdHrLv><mdHrLvName Sync="TRUE">dataset</mdHrLvName><refSysInfo><RefSystem><refSysID><identCode code="9377" Sync="TRUE"></identCode><idCodeSpace Sync="TRUE">EPSG</idCodeSpace><idVersion Sync="TRUE">9.8.12(12.8.0)</idVersion></refSysID></RefSystem></refSysInfo><spatRepInfo><VectSpatRep><geometObjs Name="comunas_y_corregimientos_"><geoObjTyp><GeoObjTypCd value="002" Sync="TRUE"></GeoObjTypCd></geoObjTyp><geoObjCnt Sync="TRUE">0</geoObjCnt></geometObjs><topLvl><TopoLevCd value="001" Sync="TRUE"></TopoLevCd></topLvl></VectSpatRep></spatRepInfo><spdoinfo><ptvctinf><esriterm Name="comunas_y_corregimientos_"><efeatyp Sync="TRUE">Simple</efeatyp><efeageom code="4" Sync="TRUE"></efeageom><esritopo Sync="TRUE">FALSE</esritopo><efeacnt Sync="TRUE">0</efeacnt><spindex Sync="TRUE">FALSE</spindex><linrefer Sync="TRUE">FALSE</linrefer></esriterm></ptvctinf></spdoinfo><eainfo><detailed Name="comunas_y_corregimientos_"><enttyp><enttypl Sync="TRUE">comunas_y_corregimientos_</enttypl><enttypt Sync="TRUE">Feature Class</enttypt><enttypc Sync="TRUE">0</enttypc></enttyp><attr><attrlabl Sync="TRUE">FID</attrlabl><attalias Sync="TRUE">FID</attalias><attrtype Sync="TRUE">OID</attrtype><attwidth Sync="TRUE">4</attwidth><atprecis Sync="TRUE">0</atprecis><attscale Sync="TRUE">0</attscale><attrdef Sync="TRUE">Internal feature number.</attrdef><attrdefs Sync="TRUE">Esri</attrdefs><attrdomv><udom Sync="TRUE">Sequential unique whole numbers that are automatically generated.</udom></attrdomv></attr><attr><attrlabl Sync="TRUE">Shape</attrlabl><attalias Sync="TRUE">Shape</attalias><attrtype Sync="TRUE">Geometry</attrtype><attwidth Sync="TRUE">0</attwidth><atprecis Sync="TRUE">0</atprecis><attscale Sync="TRUE">0</attscale><attrdef Sync="TRUE">Feature geometry.</attrdef><attrdefs Sync="TRUE">Esri</attrdefs><attrdomv><udom Sync="TRUE">Coordinates defining the features.</udom></attrdomv></attr><attr><attrlabl Sync="TRUE">codigo</attrlabl><attalias Sync="TRUE">codigo</attalias><attrtype Sync="TRUE">String</attrtype><attwidth Sync="TRUE">20</attwidth><atprecis Sync="TRUE">0</atprecis><attscale Sync="TRUE">0</attscale></attr><attr><attrlabl Sync="TRUE">nombre</attrlabl><attalias Sync="TRUE">nombre</attalias><attrtype Sync="TRUE">String</attrtype><attwidth Sync="TRUE">200</attwidth><atprecis Sync="TRUE">0</atprecis><attscale Sync="TRUE">0</attscale></attr><attr><attrlabl Sync="TRUE">identifica</attrlabl><attalias Sync="TRUE">identifica</attalias><attrtype Sync="TRUE">String</attrtype><attwidth Sync="TRUE">100</attwidth><atprecis Sync="TRUE">0</atprecis><attscale Sync="TRUE">0</attscale></attr><attr><attrlabl Sync="TRUE">limitemuni</attrlabl><attalias Sync="TRUE">limitemuni</attalias><attrtype Sync="TRUE">String</attrtype><attwidth Sync="TRUE">20</attwidth><atprecis Sync="TRUE">0</atprecis><attscale Sync="TRUE">0</attscale></attr><attr><attrlabl Sync="TRUE">subtipo_co</attrlabl><attalias Sync="TRUE">subtipo_co</attalias><attrtype Sync="TRUE">Integer</attrtype><attwidth Sync="TRUE">10</attwidth><atprecis Sync="TRUE">10</atprecis><attscale Sync="TRUE">0</attscale></attr><attr><attrlabl Sync="TRUE">fecha_actu</attrlabl><attalias Sync="TRUE">fecha_actu</attalias><attrtype Sync="TRUE">Date</attrtype><attwidth Sync="TRUE">8</attwidth><atprecis Sync="TRUE">0</atprecis><attscale Sync="TRUE">0</attscale></attr><attr><attrlabl Sync="TRUE">Shape_Leng</attrlabl><attalias Sync="TRUE">Shape_Leng</attalias><attrtype Sync="TRUE">Double</attrtype><attwidth Sync="TRUE">19</attwidth><atprecis Sync="TRUE">0</atprecis><attscale Sync="TRUE">0</attscale></attr><attr><attrlabl Sync="TRUE">Shape_Area</attrlabl><attalias Sync="TRUE">Shape_Area</attalias><attrtype Sync="TRUE">Double</attrtype><attwidth Sync="TRUE">19</attwidth><atprecis Sync="TRUE">0</atprecis><attscale Sync="TRUE">0</attscale><attrdef Sync="TRUE">Area of feature in internal units squared.</attrdef><attrdefs Sync="TRUE">Esri</attrdefs><attrdomv><udom Sync="TRUE">Positive real numbers that are automatically generated.</udom></attrdomv></attr></detailed></eainfo><mdDateSt Sync="TRUE">20250103</mdDateSt></metadata>
